{"cameraMode":{"drawMode":0,"name":"Shaded","section":"Shading Mode"},"sceneLighting":true,"audioPlay":false,"sceneViewState":{"m_AlwaysRefresh":false,"showFog":true,"showSkybox":true,"showFlares":true,"showImageEffects":true,"showParticleSystems":true,"showVisualEffectGraphs":true,"m_FxEnabled":false},"in2DMode":false,"pivot":{"x":-1.3561769723892213,"y":3.4268431663513185,"z":-5.851716995239258},"rotation":{"x":0.5503685474395752,"y":-0.02090291678905487,"z":0.013631496578454972,"w":0.8347357511520386},"size":0.013734087347984314,"orthographic":false}