{"cameraMode":{"drawMode":0,"name":"Shaded","section":"Shading Mode"},"sceneLighting":true,"audioPlay":false,"sceneViewState":{"m_AlwaysRefresh":false,"showFog":true,"showSkybox":true,"showFlares":true,"showImageEffects":true,"showParticleSystems":true,"showVisualEffectGraphs":true,"m_FxEnabled":false},"in2DMode":false,"pivot":{"x":0.8922684788703919,"y":5.952126502990723,"z":-5.245135307312012},"rotation":{"x":-0.47649434208869936,"y":0.14561514556407929,"z":-0.08037950843572617,"w":-0.8633455634117127},"size":3.0819475650787355,"orthographic":false}