{"cameraMode":{"drawMode":0,"name":"Shaded","section":"Shading Mode"},"sceneLighting":true,"audioPlay":false,"sceneViewState":{"m_AlwaysRefresh":false,"showFog":true,"showSkybox":true,"showFlares":true,"showImageEffects":true,"showParticleSystems":true,"showVisualEffectGraphs":true,"m_FxEnabled":false},"in2DMode":false,"pivot":{"x":-0.9736123085021973,"y":-0.8475465774536133,"z":-1.555483341217041},"rotation":{"x":0.3502053916454315,"y":0.022477110847830774,"z":-0.008406497538089753,"w":0.9363661408424377},"size":3.781670093536377,"orthographic":false}