{"cameraMode":{"drawMode":0,"name":"Shaded","section":"Shading Mode"},"sceneLighting":true,"audioPlay":false,"sceneViewState":{"m_AlwaysRefresh":false,"showFog":true,"showSkybox":true,"showFlares":true,"showImageEffects":true,"showParticleSystems":true,"showVisualEffectGraphs":true,"m_FxEnabled":false},"in2DMode":false,"pivot":{"x":2.18656325340271,"y":7.465297222137451,"z":-8.756925582885743},"rotation":{"x":0.5027734637260437,"y":-0.042353685945272449,"z":0.024524524807929994,"w":0.8632137179374695},"size":0.017115171998739244,"orthographic":false}