{"cameraMode":{"drawMode":0,"name":"Shaded","section":"Shading Mode"},"sceneLighting":true,"audioPlay":false,"sceneViewState":{"m_AlwaysRefresh":false,"showFog":true,"showSkybox":true,"showFlares":true,"showImageEffects":true,"showParticleSystems":true,"showVisualEffectGraphs":true,"m_FxEnabled":true},"in2DMode":false,"pivot":{"x":513.0795288085938,"y":282.7377624511719,"z":-21.89126968383789},"rotation":{"x":-0.36574068665504458,"y":-0.014357100240886212,"z":0.0060993642546236519,"w":-0.930769145488739},"size":297.34136962890627,"orthographic":false}