{"cameraMode":{"drawMode":0,"name":"Shaded","section":"Shading Mode"},"sceneLighting":true,"audioPlay":false,"sceneViewState":{"m_AlwaysRefresh":false,"showFog":true,"showSkybox":true,"showFlares":true,"showImageEffects":true,"showParticleSystems":true,"showVisualEffectGraphs":true,"m_FxEnabled":true},"in2DMode":false,"pivot":{"x":-0.2665473222732544,"y":6.341408729553223,"z":-6.213493824005127},"rotation":{"x":0.5001941919326782,"y":-0.0013170747552067042,"z":0.0007290467037819326,"w":0.8659405708312988},"size":0.5483703017234802,"orthographic":false}