{"cameraMode":{"drawMode":0,"name":"Shaded","section":"Shading Mode"},"sceneLighting":true,"audioPlay":false,"sceneViewState":{"m_AlwaysRefresh":false,"showFog":true,"showSkybox":true,"showFlares":true,"showImageEffects":true,"showParticleSystems":true,"showVisualEffectGraphs":true,"m_FxEnabled":true},"in2DMode":false,"pivot":{"x":256.2727355957031,"y":295.45196533203127,"z":-5.556813716888428},"rotation":{"x":0.28982293605804446,"y":-0.03158248960971832,"z":0.009603305719792843,"w":0.9565110802650452},"size":406.9646911621094,"orthographic":false}