{"cameraMode":{"drawMode":0,"name":"Shaded","section":"Shading Mode"},"sceneLighting":true,"audioPlay":false,"sceneViewState":{"m_AlwaysRefresh":false,"showFog":true,"showSkybox":true,"showFlares":true,"showImageEffects":true,"showParticleSystems":true,"showVisualEffectGraphs":true,"m_FxEnabled":true},"in2DMode":false,"pivot":{"x":496.0378723144531,"y":290.64630126953127,"z":-14.48760986328125},"rotation":{"x":-0.35739758610725405,"y":0.003803631290793419,"z":-0.0009990630205720664,"w":-0.9341264367103577},"size":297.34136962890627,"orthographic":false}