{"cameraMode":{"drawMode":0,"name":"Shaded","section":"Shading Mode"},"sceneLighting":true,"audioPlay":false,"sceneViewState":{"m_AlwaysRefresh":false,"showFog":true,"showSkybox":true,"showFlares":true,"showImageEffects":true,"showParticleSystems":true,"showVisualEffectGraphs":true,"m_FxEnabled":true},"in2DMode":false,"pivot":{"x":-2.4215433597564699,"y":-2.431145668029785,"z":4.681903839111328},"rotation":{"x":0.49271345138549807,"y":0.023755202069878579,"z":-0.013478145003318787,"w":0.8698023557662964},"size":4.305514812469482,"orthographic":false}