{"cameraMode":{"drawMode":0,"name":"Shaded","section":"Shading Mode"},"sceneLighting":false,"audioPlay":false,"sceneViewState":{"m_AlwaysRefresh":false,"showFog":true,"showSkybox":false,"showFlares":true,"showImageEffects":true,"showParticleSystems":true,"showVisualEffectGraphs":true,"m_FxEnabled":false},"in2DMode":false,"pivot":{"x":0.6143768429756165,"y":0.09002195298671723,"z":-4.072606086730957},"rotation":{"x":0.6392067074775696,"y":0.07035473734140396,"z":-0.059171512722969058,"w":0.7637099027633667},"size":0.5912797451019287,"orthographic":false}